test group,most ads day,most ads hour,n_users,n_converted,n_impressions
ad,Friday,0,807,16,21636
ad,Friday,1,662,7,18753
ad,Friday,2,825,10,21495
ad,Friday,3,515,2,11000
ad,Friday,4,118,2,3466
ad,Friday,5,129,2,7744
ad,Friday,6,330,4,14506
ad,Friday,7,1018,19,38102
ad,Friday,8,2358,39,69234
ad,Friday,9,4282,86,110806
ad,Friday,10,5353,124,153445
ad,Friday,11,6927,124,183317
ad,Friday,12,6949,136,182715
ad,Friday,13,7166,166,179813
ad,Friday,14,6622,163,160753
ad,Friday,15,6650,176,171365
ad,Friday,16,5523,153,127567
ad,Friday,17,5027,108,125009
ad,Friday,18,4839,116,137878
ad,Friday,19,4593,95,131671
ad,Friday,20,4465,135,132794
ad,Friday,21,4933,144,151190
ad,Friday,22,4737,100,124212
ad,Friday,23,3977,68,91075
ad,Monday,0,820,14,16022
ad,Monday,1,531,9,11996
ad,Monday,2,709,5,16617
ad,Monday,3,316,4,7189
ad,Monday,4,88,0,3173
ad,Monday,5,92,3,5274
ad,Monday,6,262,11,10511
ad,Monday,7,760,14,20433
ad,Monday,8,2412,82,58010
ad,Monday,9,4365,116,100298
ad,Monday,10,5159,157,130382
ad,Monday,11,6433,210,170744
ad,Monday,12,6744,224,180124
ad,Monday,13,6678,232,178029
ad,Monday,14,6039,271,165916
ad,Monday,15,6357,273,180006
ad,Monday,16,5592,209,131200
ad,Monday,17,5432,195,142100
ad,Monday,18,5038,140,136698
ad,Monday,19,4449,136,122387
ad,Monday,20,4567,148,116087
ad,Monday,21,4244,144,100715
ad,Monday,22,3934,118,77762
ad,Monday,23,2550,63,40175
ad,Saturday,0,763,18,18511
ad,Saturday,1,819,7,20767
ad,Saturday,2,900,4,22071
ad,Saturday,3,362,4,8400
ad,Saturday,4,79,0,3942
ad,Saturday,5,88,5,5734
ad,Saturday,6,252,13,17014
ad,Saturday,7,727,17,38342
ad,Saturday,8,2150,50,61808
ad,Saturday,9,3645,60,93900
ad,Saturday,10,4867,79,123612
ad,Saturday,11,5760,84,150948
ad,Saturday,12,5852,108,158013
ad,Saturday,13,6056,121,148164
ad,Saturday,14,5849,118,137653
ad,Saturday,15,5869,128,129928
ad,Saturday,16,5223,104,115083
ad,Saturday,17,4850,109,112292
ad,Saturday,18,4368,112,109442
ad,Saturday,19,4445,119,116044
ad,Saturday,20,4593,111,120337
ad,Saturday,21,4542,146,125474
ad,Saturday,22,3904,99,88087
ad,Saturday,23,2839,63,54477
ad,Sunday,0,910,15,20314
ad,Sunday,1,684,12,18159
ad,Sunday,2,688,4,19433
ad,Sunday,3,368,7,9223
ad,Sunday,4,100,2,2908
ad,Sunday,5,126,2,4776
ad,Sunday,6,277,2,10444
ad,Sunday,7,1089,22,30482
ad,Sunday,8,2627,43,59846
ad,Sunday,9,4041,66,87885
ad,Sunday,10,5545,103,121849
ad,Sunday,11,6525,113,146941
ad,Sunday,12,6275,126,152550
ad,Sunday,13,6212,122,160862
ad,Sunday,14,6983,142,160837
ad,Sunday,15,6609,150,148674
ad,Sunday,16,5383,148,115770
ad,Sunday,17,5077,160,116213
ad,Sunday,18,4810,144,126110
ad,Sunday,19,4520,161,126170
ad,Sunday,20,3733,163,116440
ad,Sunday,21,3705,136,104453
ad,Sunday,22,3344,104,85734
ad,Sunday,23,2701,80,60287
ad,Thursday,0,708,18,17414
ad,Thursday,1,691,13,16976
ad,Thursday,2,683,9,17331
ad,Thursday,3,363,2,6414
ad,Thursday,4,109,3,2969
ad,Thursday,5,91,2,3345
ad,Thursday,6,285,6,10913
ad,Thursday,7,1005,16,26416
ad,Thursday,8,2722,41,56906
ad,Thursday,9,4404,70,88659
ad,Thursday,10,4945,85,112049
ad,Thursday,11,5171,118,126589
ad,Thursday,12,5892,115,150076
ad,Thursday,13,6374,124,160165
ad,Thursday,14,6543,167,154446
ad,Thursday,15,5980,147,153627
ad,Thursday,16,5523,145,118137
ad,Thursday,17,4801,103,114518
ad,Thursday,18,4303,98,99928
ad,Thursday,19,3970,96,86482
ad,Thursday,20,3801,109,89256
ad,Thursday,21,4222,88,91442
ad,Thursday,22,3680,80,78733
ad,Thursday,23,2811,56,57142
ad,Tuesday,0,713,14,12590
ad,Tuesday,1,632,9,12053
ad,Tuesday,2,728,4,13945
ad,Tuesday,3,336,7,7558
ad,Tuesday,4,100,2,2792
ad,Tuesday,5,76,1,1783
ad,Tuesday,6,221,5,5324
ad,Tuesday,7,729,16,13532
ad,Tuesday,8,2412,44,51716
ad,Tuesday,9,4440,105,108352
ad,Tuesday,10,5773,122,140769
ad,Tuesday,11,6481,176,151948
ad,Tuesday,12,6588,205,168309
ad,Tuesday,13,6491,210,164469
ad,Tuesday,14,6371,230,156199
ad,Tuesday,15,5656,233,144324
ad,Tuesday,16,4103,187,94662
ad,Tuesday,17,4084,144,98782
ad,Tuesday,18,3621,131,91215
ad,Tuesday,19,3298,94,78685
ad,Tuesday,20,3397,92,84498
ad,Tuesday,21,3898,93,85084
ad,Tuesday,22,2639,91,63019
ad,Tuesday,23,1785,55,40423
ad,Wednesday,0,588,7,14195
ad,Wednesday,1,596,5,17603
ad,Wednesday,2,619,3,16390
ad,Wednesday,3,330,1,7992
ad,Wednesday,4,100,2,4130
ad,Wednesday,5,140,1,3989
ad,Wednesday,6,358,5,14775
ad,Wednesday,7,840,10,25232
ad,Wednesday,8,2287,38,50227
ad,Wednesday,9,4625,79,110715
ad,Wednesday,10,5812,148,162782
ad,Wednesday,11,6852,167,172170
ad,Wednesday,12,6938,178,191720
ad,Wednesday,13,6508,165,173445
ad,Wednesday,14,5372,160,128326
ad,Wednesday,15,5734,172,153518
ad,Wednesday,16,4616,165,101905
ad,Wednesday,17,4334,140,108542
ad,Wednesday,18,4073,112,91193
ad,Wednesday,19,3894,81,81182
ad,Wednesday,20,3290,85,75231
ad,Wednesday,21,3351,92,80452
ad,Wednesday,22,3277,83,67803
ad,Wednesday,23,2884,64,51423
psa,Friday,0,34,0,899
psa,Friday,1,29,0,858
psa,Friday,2,25,0,483
psa,Friday,3,27,0,957
psa,Friday,4,4,0,162
psa,Friday,5,6,0,160
psa,Friday,6,13,0,194
psa,Friday,7,54,1,1717
psa,Friday,8,110,1,2736
psa,Friday,9,200,2,4820
psa,Friday,10,223,5,5696
psa,Friday,11,356,5,6814
psa,Friday,12,370,5,9501
psa,Friday,13,328,3,7019
psa,Friday,14,310,1,6551
psa,Friday,15,285,6,7076
psa,Friday,16,278,3,6994
psa,Friday,17,205,5,4367
psa,Friday,18,203,6,6324
psa,Friday,19,180,7,5193
psa,Friday,20,133,2,3954
psa,Friday,21,196,7,6530
psa,Friday,22,135,0,3820
psa,Friday,23,99,3,2125
psa,Monday,0,42,0,530
psa,Monday,1,35,0,769
psa,Monday,2,28,0,421
psa,Monday,3,14,0,479
psa,Monday,4,4,0,142
psa,Monday,5,2,0,94
psa,Monday,6,17,0,745
psa,Monday,7,26,0,373
psa,Monday,8,98,0,1838
psa,Monday,9,181,3,3922
psa,Monday,10,229,6,6137
psa,Monday,11,287,8,7356
psa,Monday,12,258,7,6672
psa,Monday,13,292,6,6897
psa,Monday,14,296,10,7844
psa,Monday,15,327,11,10523
psa,Monday,16,266,8,5078
psa,Monday,17,193,6,3822
psa,Monday,18,182,3,4414
psa,Monday,19,171,6,4884
psa,Monday,20,158,2,3755
psa,Monday,21,159,1,3410
psa,Monday,22,149,2,2195
psa,Monday,23,88,0,1282
psa,Saturday,0,28,0,717
psa,Saturday,1,27,0,667
psa,Saturday,2,31,0,1142
psa,Saturday,3,12,0,467
psa,Saturday,4,6,0,57
psa,Saturday,5,6,0,250
psa,Saturday,6,13,0,515
psa,Saturday,7,27,1,1785
psa,Saturday,8,81,1,2346
psa,Saturday,9,129,0,3568
psa,Saturday,10,179,0,6261
psa,Saturday,11,247,5,7658
psa,Saturday,12,252,4,5788
psa,Saturday,13,238,8,6832
psa,Saturday,14,209,1,4158
psa,Saturday,15,222,4,6036
psa,Saturday,16,223,4,5682
psa,Saturday,17,166,3,4950
psa,Saturday,18,143,2,4160
psa,Saturday,19,160,2,5117
psa,Saturday,20,155,1,4483
psa,Saturday,21,117,3,3112
psa,Saturday,22,93,0,2796
psa,Saturday,23,94,1,1501
psa,Sunday,0,45,0,1308
psa,Sunday,1,30,0,837
psa,Sunday,2,22,0,785
psa,Sunday,3,13,0,777
psa,Sunday,4,2,0,73
psa,Sunday,5,1,0,106
psa,Sunday,6,11,0,510
psa,Sunday,7,31,0,1105
psa,Sunday,8,67,1,1897
psa,Sunday,9,135,1,3674
psa,Sunday,10,222,3,4439
psa,Sunday,11,253,2,5987
psa,Sunday,12,223,3,6161
psa,Sunday,13,270,7,7290
psa,Sunday,14,253,3,6102
psa,Sunday,15,219,8,6506
psa,Sunday,16,199,7,5015
psa,Sunday,17,199,6,3917
psa,Sunday,18,172,5,4591
psa,Sunday,19,174,6,4180
psa,Sunday,20,159,5,4810
psa,Sunday,21,136,3,3153
psa,Sunday,22,124,3,2350
psa,Sunday,23,99,0,1920
psa,Thursday,0,44,0,1203
psa,Thursday,1,34,0,1017
psa,Thursday,2,39,0,1189
psa,Thursday,3,8,0,141
psa,Thursday,4,6,0,225
psa,Thursday,5,5,0,105
psa,Thursday,6,18,0,633
psa,Thursday,7,60,0,1893
psa,Thursday,8,140,4,3874
psa,Thursday,9,220,4,4256
psa,Thursday,10,233,1,6688
psa,Thursday,11,283,5,7009
psa,Thursday,12,317,7,10095
psa,Thursday,13,368,5,9895
psa,Thursday,14,323,8,9741
psa,Thursday,15,282,8,9429
psa,Thursday,16,263,9,5743
psa,Thursday,17,232,4,5323
psa,Thursday,18,205,5,5327
psa,Thursday,19,193,3,4695
psa,Thursday,20,178,3,4001
psa,Thursday,21,175,4,4135
psa,Thursday,22,160,6,4581
psa,Thursday,23,119,3,3042
psa,Tuesday,0,24,0,257
psa,Tuesday,1,20,0,229
psa,Tuesday,2,16,0,404
psa,Tuesday,3,7,1,141
psa,Tuesday,4,4,0,68
psa,Tuesday,6,4,0,135
psa,Tuesday,7,22,0,230
psa,Tuesday,8,99,0,1997
psa,Tuesday,9,183,2,3322
psa,Tuesday,10,233,4,4359
psa,Tuesday,11,361,2,8405
psa,Tuesday,12,273,3,5627
psa,Tuesday,13,306,3,8019
psa,Tuesday,14,247,3,5381
psa,Tuesday,15,216,4,5141
psa,Tuesday,16,159,6,2764
psa,Tuesday,17,160,1,2966
psa,Tuesday,18,120,4,2823
psa,Tuesday,19,90,1,2206
psa,Tuesday,20,90,2,2119
psa,Tuesday,21,145,4,2954
psa,Tuesday,22,99,1,1581
psa,Tuesday,23,29,1,562
psa,Wednesday,0,10,0,508
psa,Wednesday,1,12,0,230
psa,Wednesday,2,20,0,393
psa,Wednesday,3,8,0,158
psa,Wednesday,4,2,0,17
psa,Wednesday,5,3,0,31
psa,Wednesday,6,7,0,313
psa,Wednesday,7,17,0,293
psa,Wednesday,8,64,0,1312
psa,Wednesday,9,154,1,4009
psa,Wednesday,10,166,1,4809
psa,Wednesday,11,274,3,4860
psa,Wednesday,12,367,6,7905
psa,Wednesday,13,368,4,8776
psa,Wednesday,14,231,4,4679
psa,Wednesday,15,277,5,6979
psa,Wednesday,16,216,8,4717
psa,Wednesday,17,228,3,5686
psa,Wednesday,18,246,7,4864
psa,Wednesday,19,215,4,5759
psa,Wednesday,20,204,4,5251
psa,Wednesday,21,153,2,3955
psa,Wednesday,22,157,3,3101
psa,Wednesday,23,91,0,1873
